Country,Year,Sub-commodity,Production (tonnes),Source
Australia,1970,Monazite                                          ,0,BGS
Australia,1970,Xenotime                                          ,0,BGS
Australia,1971,Monazite                                          ,0,BGS
Australia,1971,Xenotime                                          ,0,BGS
Australia,1972,Monazite                                          ,0,BGS
Australia,1972,Xenotime                                          ,0,BGS
Australia,1973,Monazite                                          ,0,BGS
Australia,1973,Xenotime                                          ,0,BGS
Australia,1974,Monazite                                          ,0,BGS
Australia,1974,Xenotime                                          ,0,BGS
Australia,1975,Monazite                                          ,4507,BGS
Australia,1975,Xenotime                                          ,20,BGS
Australia,1976,Monazite                                          ,5310,BGS
Australia,1976,Xenotime                                          ,7,BGS
Australia,1977,Monazite                                          ,9379,BGS
Australia,1977,Xenotime                                          ,12,BGS
Australia,1978,Monazite                                          ,14992,BGS
Australia,1978,Xenotime                                          ,23,BGS
Australia,1979,Monazite                                          ,16340,BGS
Australia,1979,Xenotime                                          ,19,BGS
Australia,1980,Monazite                                          ,14079,BGS
Australia,1980,Xenotime                                          ,27,BGS
Australia,1981,Monazite                                          ,13282,BGS
Australia,1981,Xenotime                                          ,52,BGS
Australia,1982,Monazite                                          ,9562,BGS
Australia,1982,Xenotime                                          ,46,BGS
Australia,1983,Monazite                                          ,15141,BGS
Australia,1983,Xenotime                                          ,24,BGS
Australia,1984,Monazite                                          ,16260,BGS
Australia,1984,Xenotime                                          ,66,BGS
Australia,1985,Monazite                                          ,18735,BGS
Australia,1985,Xenotime                                          ,46,BGS
Australia,1986,Monazite                                          ,14822,BGS
Australia,1986,Xenotime                                          ,41,BGS
Australia,1987,Monazite                                          ,12813,BGS
Australia,1987,Xenotime                                          ,0,BGS
Australia,1988,Monazite                                          ,10897,BGS
Australia,1988,Xenotime                                          ,0,BGS
Australia,1989,Monazite                                          ,13000,BGS
Australia,1989,Xenotime                                          ,0,BGS
Australia,1990,Monazite                                          ,11000,BGS
Australia,1990,Xenotime                                          ,0,BGS
Australia,1991,Monazite                                          ,6600,BGS
Australia,1991,Xenotime                                          ,0,BGS
Australia,1992,Monazite                                          ,5600,BGS
Australia,1992,Xenotime                                          ,0,BGS
Australia,1993,Monazite                                          ,6500,BGS
Australia,1993,Xenotime                                          ,0,BGS
Australia,1994,Monazite                                          ,2300,BGS
Australia,1994,Xenotime                                          ,0,BGS
Australia,1995,Monazite                                          ,200,BGS
Australia,1995,Xenotime                                          ,0,BGS
Australia,1996,Monazite                                          ,0,BGS
Australia,1996,Xenotime                                          ,0,BGS
Australia,1997,Monazite                                          ,0,BGS
Australia,1997,Xenotime                                          ,0,BGS
Australia,1998,Monazite                                          ,0,BGS
Australia,1998,Xenotime                                          ,0,BGS
Australia,1999,Monazite                                          ,0,BGS
Australia,1999,Xenotime                                          ,0,BGS
Australia,2000,Monazite                                          ,0,BGS
Australia,2000,Xenotime                                          ,0,BGS
Australia,2001,Monazite                                          ,0,BGS
Australia,2001,Xenotime                                          ,0,BGS
Australia,2002,Monazite                                          ,0,BGS
Australia,2002,Xenotime                                          ,0,BGS
Australia,2003,Monazite                                          ,0,BGS
Australia,2003,Xenotime                                          ,0,BGS
Australia,2004,Monazite                                          ,0,BGS
Australia,2004,Xenotime                                          ,0,BGS
Australia,2005,Monazite                                          ,0,BGS
Australia,2005,Xenotime                                          ,0,BGS
Australia,2006,Monazite                                          ,0,BGS
Australia,2006,Xenotime                                          ,0,BGS
Australia,2007,Monazite                                          ,0,BGS
Australia,2007,Xenotime                                          ,0,BGS
Australia,2008,Monazite                                          ,0,BGS
Australia,2008,Xenotime                                          ,0,BGS
Australia,2009,Monazite                                          ,0,BGS
Australia,2009,Xenotime                                          ,0,BGS
Australia,2010,Monazite                                          ,0,BGS
Australia,2010,Xenotime                                          ,0,BGS
Australia,2011,Monazite                                          ,0,BGS
Australia,2011,Xenotime                                          ,0,BGS
Australia,2012,Monazite                                          ,0,BGS
Australia,2012,Xenotime                                          ,0,BGS
Australia,2013,Monazite                                          ,0,BGS
Australia,2013,Xenotime                                          ,0,BGS
Australia,2014,Monazite                                          ,0,BGS
Australia,2014,Xenotime                                          ,0,BGS
Australia,2015,Monazite                                          ,0,BGS
Australia,2015,Xenotime                                          ,0,BGS
Australia,2016,Monazite                                          ,0,BGS
Australia,2016,Xenotime                                          ,0,BGS
Australia,2017,Monazite                                          ,0,BGS
Australia,2017,Xenotime                                          ,0,BGS
Australia,2018,Monazite                                          ,0,BGS
Australia,2018,Xenotime                                          ,0,BGS
Australia,2019,Monazite                                          ,0,BGS
Australia,2019,Xenotime                                          ,0,BGS
Australia,2020,Monazite                                          ,0,BGS
Australia,2020,Xenotime                                          ,0,BGS
Australia,2021,Monazite                                          ,0,BGS
Australia,2021,Xenotime                                          ,0,BGS
Australia,2022,Monazite                                          ,0,BGS
Australia,2022,Xenotime                                          ,0,BGS
Brazil,1970,Monazite                                          ,0,BGS
Brazil,1971,Monazite                                          ,0,BGS
Brazil,1972,Monazite                                          ,0,BGS
Brazil,1973,Monazite                                          ,0,BGS
Brazil,1974,Monazite                                          ,0,BGS
Brazil,1975,Monazite                                          ,0,BGS
Brazil,1976,Monazite                                          ,1610,BGS
Brazil,1977,Monazite                                          ,2441,BGS
Brazil,1978,Monazite                                          ,2541,BGS
Brazil,1979,Monazite                                          ,2318,BGS
Brazil,1980,Monazite                                          ,2532,BGS
Brazil,1981,Monazite                                          ,2460,BGS
Brazil,1982,Monazite                                          ,1814,BGS
Brazil,1983,Monazite                                          ,5256,BGS
Brazil,1984,Monazite                                          ,3622,BGS
Brazil,1985,Monazite                                          ,3953,BGS
Brazil,1986,Monazite                                          ,3618,BGS
Brazil,1987,Monazite                                          ,4332,BGS
Brazil,1988,Monazite                                          ,2817,BGS
Brazil,1989,Monazite                                          ,1910,BGS
Brazil,1990,Monazite                                          ,2579,BGS
Brazil,1991,Monazite                                          ,2500,BGS
Brazil,1992,Monazite                                          ,2500,BGS
Brazil,1993,Monazite                                          ,0,BGS
Brazil,1994,Monazite                                          ,0,BGS
Brazil,1995,Monazite                                          ,0,BGS
Brazil,1996,Monazite                                          ,0,BGS
Brazil,1997,Monazite                                          ,0,BGS
Brazil,1998,Monazite                                          ,0,BGS
Brazil,1999,Monazite                                          ,0,BGS
Brazil,2000,Monazite                                          ,0,BGS
Brazil,2001,Monazite                                          ,0,BGS
Brazil,2002,Monazite                                          ,0,BGS
Brazil,2003,Monazite                                          ,0,BGS
Brazil,2004,Monazite                                          ,731,BGS
Brazil,2005,Monazite                                          ,958,BGS
Brazil,2006,Monazite                                          ,958,BGS
Brazil,2007,Monazite                                          ,1173,BGS
Brazil,2008,Monazite                                          ,834,BGS
Brazil,2009,Monazite                                          ,303,BGS
Brazil,2010,Monazite                                          ,249,BGS
Brazil,2011,Monazite                                          ,290,BGS
Brazil,2012,Monazite                                          ,0,BGS
Brazil,2013,Monazite                                          ,0,BGS
Brazil,2014,Monazite                                          ,0,BGS
Brazil,2015,Monazite                                          ,0,BGS
Brazil,2016,Monazite                                          ,0,BGS
Brazil,2017,Monazite                                          ,0,BGS
Brazil,2018,Monazite                                          ,0,BGS
Brazil,2019,Monazite                                          ,0,BGS
Brazil,2020,Monazite                                          ,0,BGS
Brazil,2021,Monazite                                          ,0,BGS
Brazil,2022,Monazite                                          ,0,BGS
Burundi,1970,Bastnaesite                                       ,0,BGS
Burundi,1971,Bastnaesite                                       ,0,BGS
Burundi,1972,Bastnaesite                                       ,0,BGS
Burundi,1973,Bastnaesite                                       ,0,BGS
Burundi,1974,Bastnaesite                                       ,0,BGS
Burundi,1975,Bastnaesite                                       ,82,BGS
Burundi,1976,Bastnaesite                                       ,139,BGS
Burundi,1977,Bastnaesite                                       ,165,BGS
Burundi,1978,Bastnaesite                                       ,40,BGS
Burundi,1979,Bastnaesite                                       ,0,BGS
Burundi,1980,Bastnaesite                                       ,0,BGS
Burundi,1981,Bastnaesite                                       ,0,BGS
Burundi,1982,Bastnaesite                                       ,0,BGS
Burundi,1983,Bastnaesite                                       ,0,BGS
Burundi,1984,Bastnaesite                                       ,0,BGS
Burundi,1985,Bastnaesite                                       ,0,BGS
Burundi,1986,Bastnaesite                                       ,0,BGS
Burundi,1987,Bastnaesite                                       ,0,BGS
Burundi,1988,Bastnaesite                                       ,0,BGS
Burundi,1989,Bastnaesite                                       ,0,BGS
Burundi,1990,Bastnaesite                                       ,0,BGS
Burundi,1991,Bastnaesite                                       ,0,BGS
Burundi,1992,Bastnaesite                                       ,0,BGS
Burundi,1993,Bastnaesite                                       ,0,BGS
Burundi,1994,Bastnaesite                                       ,0,BGS
Burundi,1995,Bastnaesite                                       ,0,BGS
Burundi,1996,Bastnaesite                                       ,0,BGS
Burundi,1997,Bastnaesite                                       ,0,BGS
Burundi,1998,Bastnaesite                                       ,0,BGS
Burundi,1999,Bastnaesite                                       ,0,BGS
Burundi,2000,Bastnaesite                                       ,0,BGS
Burundi,2001,Bastnaesite                                       ,0,BGS
Burundi,2002,Bastnaesite                                       ,0,BGS
Burundi,2003,Bastnaesite                                       ,0,BGS
Burundi,2004,Bastnaesite                                       ,0,BGS
Burundi,2005,Bastnaesite                                       ,0,BGS
Burundi,2006,Bastnaesite                                       ,0,BGS
Burundi,2007,Bastnaesite                                       ,0,BGS
Burundi,2008,Bastnaesite                                       ,0,BGS
Burundi,2009,Bastnaesite                                       ,0,BGS
Burundi,2010,Bastnaesite                                       ,0,BGS
Burundi,2011,Bastnaesite                                       ,0,BGS
Burundi,2012,Bastnaesite                                       ,0,BGS
Burundi,2013,Bastnaesite                                       ,0,BGS
Burundi,2014,Bastnaesite                                       ,0,BGS
Burundi,2015,Bastnaesite                                       ,0,BGS
Burundi,2016,Bastnaesite                                       ,0,BGS
Burundi,2017,Bastnaesite                                       ,0,BGS
Burundi,2018,Bastnaesite                                       ,0,BGS
Burundi,2019,Bastnaesite                                       ,0,BGS
Burundi,2020,Bastnaesite                                       ,0,BGS
Burundi,2021,Bastnaesite                                       ,0,BGS
Burundi,2022,Bastnaesite                                       ,0,BGS
China,1970,Unknown,0,BGS
China,1971,Unknown,0,BGS
China,1972,Unknown,0,BGS
China,1973,Unknown,0,BGS
China,1974,Unknown,0,BGS
China,1975,Unknown,0,BGS
China,1976,Unknown,0,BGS
China,1977,Unknown,0,BGS
China,1978,Unknown,0,BGS
China,1979,Unknown,0,BGS
China,1980,Unknown,0,BGS
China,1981,Unknown,0,BGS
China,1982,Unknown,6000,BGS
China,1983,Unknown,6000,BGS
China,1984,Unknown,8000,BGS
China,1985,Unknown,10000,BGS
China,1986,Unknown,11860,BGS
China,1987,Unknown,15100,BGS
China,1988,Unknown,29640,BGS
China,1989,Unknown,25220,BGS
China,1990,Unknown,16480,BGS
China,1991,Unknown,16150,BGS
China,1992,Unknown,21300,BGS
China,1993,Unknown,22100,BGS
China,1994,Unknown,30700,BGS
China,1995,Unknown,50933,BGS
China,1996,Unknown,60373,BGS
China,1997,Unknown,63250,BGS
China,1998,Unknown,75000,BGS
China,1999,Unknown,80500,BGS
China,2000,Unknown,73000,BGS
China,2001,Unknown,80600,BGS
China,2002,Unknown,88000,BGS
China,2003,Unknown,92000,BGS
China,2004,Unknown,98300,BGS
China,2005,Unknown,119000,BGS
China,2006,Unknown,133000,BGS
China,2007,Unknown,120000,BGS
China,2008,Unknown,125000,BGS
China,2009,Unknown,129000,BGS
China,2010,Unknown,120000,BGS
China,2011,Unknown,105000,BGS
China,2012,Unknown,0,BGS
China,2013,Unknown,0,BGS
China,2014,Unknown,0,BGS
China,2015,Unknown,0,BGS
China,2016,Unknown,0,BGS
China,2017,Unknown,0,BGS
China,2018,Unknown,0,BGS
China,2019,Unknown,0,BGS
China,2020,Unknown,0,BGS
China,2021,Unknown,0,BGS
China,2022,Unknown,0,BGS
"Congo, Democratic Republic",1970,Monazite                                          ,0,BGS
"Congo, Democratic Republic",1971,Monazite                                          ,0,BGS
"Congo, Democratic Republic",1972,Monazite                                          ,0,BGS
"Congo, Democratic Republic",1973,Monazite                                          ,0,BGS
"Congo, Democratic Republic",1974,Monazite                                          ,0,BGS
"Congo, Democratic Republic",1975,Monazite                                          ,0,BGS
"Congo, Democratic Republic",1976,Monazite                                          ,0,BGS
"Congo, Democratic Republic",1977,Monazite                                          ,0,BGS
"Congo, Democratic Republic",1978,Monazite                                          ,0,BGS
"Congo, Democratic Republic",1979,Monazite                                          ,0,BGS
"Congo, Democratic Republic",1980,Monazite                                          ,0,BGS
"Congo, Democratic Republic",1981,Monazite                                          ,0,BGS
"Congo, Democratic Republic",1982,Monazite                                          ,0,BGS
"Congo, Democratic Republic",1983,Monazite                                          ,0,BGS
"Congo, Democratic Republic",1984,Monazite                                          ,0,BGS
"Congo, Democratic Republic",1985,Monazite                                          ,0,BGS
"Congo, Democratic Republic",1986,Monazite                                          ,0,BGS
"Congo, Democratic Republic",1987,Monazite                                          ,0,BGS
"Congo, Democratic Republic",1988,Monazite                                          ,0,BGS
"Congo, Democratic Republic",1989,Monazite                                          ,0,BGS
"Congo, Democratic Republic",1990,Monazite                                          ,0,BGS
"Congo, Democratic Republic",1991,Monazite                                          ,0,BGS
"Congo, Democratic Republic",1992,Monazite                                          ,50,BGS
"Congo, Democratic Republic",1993,Monazite                                          ,20,BGS
"Congo, Democratic Republic",1994,Monazite                                          ,20,BGS
"Congo, Democratic Republic",1995,Monazite                                          ,20,BGS
"Congo, Democratic Republic",1996,Monazite                                          ,10,BGS
"Congo, Democratic Republic",1997,Monazite                                          ,0,BGS
"Congo, Democratic Republic",1998,Monazite                                          ,0,BGS
"Congo, Democratic Republic",1999,Monazite                                          ,0,BGS
"Congo, Democratic Republic",2000,Monazite                                          ,0,BGS
"Congo, Democratic Republic",2001,Monazite                                          ,0,BGS
"Congo, Democratic Republic",2002,Monazite                                          ,0,BGS
"Congo, Democratic Republic",2003,Monazite                                          ,0,BGS
"Congo, Democratic Republic",2004,Monazite                                          ,0,BGS
"Congo, Democratic Republic",2005,Monazite                                          ,0,BGS
"Congo, Democratic Republic",2006,Monazite                                          ,0,BGS
"Congo, Democratic Republic",2007,Monazite                                          ,0,BGS
"Congo, Democratic Republic",2008,Monazite                                          ,0,BGS
"Congo, Democratic Republic",2009,Monazite                                          ,0,BGS
"Congo, Democratic Republic",2010,Monazite                                          ,0,BGS
"Congo, Democratic Republic",2011,Monazite                                          ,0,BGS
"Congo, Democratic Republic",2012,Monazite                                          ,0,BGS
"Congo, Democratic Republic",2013,Monazite                                          ,0,BGS
"Congo, Democratic Republic",2014,Monazite                                          ,0,BGS
"Congo, Democratic Republic",2015,Monazite                                          ,0,BGS
"Congo, Democratic Republic",2016,Monazite                                          ,0,BGS
"Congo, Democratic Republic",2017,Monazite                                          ,0,BGS
"Congo, Democratic Republic",2018,Monazite                                          ,0,BGS
"Congo, Democratic Republic",2019,Monazite                                          ,0,BGS
"Congo, Democratic Republic",2020,Monazite                                          ,0,BGS
"Congo, Democratic Republic",2021,Monazite                                          ,0,BGS
"Congo, Democratic Republic",2022,Monazite                                          ,0,BGS
India,1970,Monazite                                          ,0,BGS
India,1971,Monazite                                          ,0,BGS
India,1972,Monazite                                          ,0,BGS
India,1973,Monazite                                          ,0,BGS
India,1974,Monazite                                          ,0,BGS
India,1975,Monazite                                          ,3000,BGS
India,1976,Monazite                                          ,2994,BGS
India,1977,Monazite                                          ,2734,BGS
India,1978,Monazite                                          ,3303,BGS
India,1979,Monazite                                          ,3254,BGS
India,1980,Monazite                                          ,3395,BGS
India,1981,Monazite                                          ,3704,BGS
India,1982,Monazite                                          ,4000,BGS
India,1983,Monazite                                          ,4000,BGS
India,1984,Monazite                                          ,4000,BGS
India,1985,Monazite                                          ,4000,BGS
India,1986,Monazite                                          ,4000,BGS
India,1987,Monazite                                          ,4000,BGS
India,1988,Monazite                                          ,4000,BGS
India,1989,Monazite                                          ,4300,BGS
India,1990,Monazite                                          ,4500,BGS
India,1991,Monazite                                          ,4000,BGS
India,1992,Monazite                                          ,4600,BGS
India,1993,Monazite                                          ,5500,BGS
India,1994,Monazite                                          ,5000,BGS
India,1995,Monazite                                          ,5000,BGS
India,1996,Monazite                                          ,5000,BGS
India,1997,Monazite                                          ,5000,BGS
India,1998,Monazite                                          ,3200,BGS
India,1999,Monazite                                          ,1698,BGS
India,2000,Monazite                                          ,1890,BGS
India,2001,Monazite                                          ,2651,BGS
India,2002,Monazite                                          ,2856,BGS
India,2003,Monazite                                          ,2891,BGS
India,2004,Monazite                                          ,149,BGS
India,2005,Monazite                                          ,93,BGS
India,2006,Monazite                                          ,45,BGS
India,2007,Monazite                                          ,35,BGS
India,2008,Monazite                                          ,22,BGS
India,2009,Monazite                                          ,16,BGS
India,2010,Monazite                                          ,0,BGS
India,2011,Monazite                                          ,0,BGS
India,2012,Monazite                                          ,0,BGS
India,2013,Monazite                                          ,0,BGS
India,2014,Monazite                                          ,0,BGS
India,2015,Monazite                                          ,0,BGS
India,2016,Monazite                                          ,0,BGS
India,2017,Monazite                                          ,0,BGS
India,2018,Monazite                                          ,0,BGS
India,2019,Monazite                                          ,0,BGS
India,2020,Monazite                                          ,0,BGS
India,2021,Monazite                                          ,0,BGS
India,2022,Monazite                                          ,0,BGS
Madagascar,1970,Bastnaesite                                       ,0,BGS
Madagascar,1970,Monazite                                          ,0,BGS
Madagascar,1971,Bastnaesite                                       ,0,BGS
Madagascar,1971,Monazite                                          ,0,BGS
Madagascar,1972,Bastnaesite                                       ,0,BGS
Madagascar,1972,Monazite                                          ,0,BGS
Madagascar,1973,Bastnaesite                                       ,0,BGS
Madagascar,1973,Monazite                                          ,0,BGS
Madagascar,1974,Bastnaesite                                       ,0,BGS
Madagascar,1974,Monazite                                          ,0,BGS
Madagascar,1975,Bastnaesite                                       ,0,BGS
Madagascar,1975,Monazite                                          ,0,BGS
Madagascar,1976,Bastnaesite                                       ,0,BGS
Madagascar,1976,Monazite                                          ,0,BGS
Madagascar,1977,Bastnaesite                                       ,0,BGS
Madagascar,1977,Monazite                                          ,0,BGS
Madagascar,1978,Bastnaesite                                       ,0,BGS
Madagascar,1978,Monazite                                          ,0,BGS
Madagascar,1979,Bastnaesite                                       ,22,BGS
Madagascar,1979,Monazite                                          ,0,BGS
Madagascar,1980,Bastnaesite                                       ,23,BGS
Madagascar,1980,Monazite                                          ,0,BGS
Madagascar,1981,Bastnaesite                                       ,23,BGS
Madagascar,1981,Monazite                                          ,0,BGS
Madagascar,1982,Bastnaesite                                       ,23,BGS
Madagascar,1982,Monazite                                          ,0,BGS
Madagascar,1983,Bastnaesite                                       ,25,BGS
Madagascar,1983,Monazite                                          ,0,BGS
Madagascar,1984,Bastnaesite                                       ,25,BGS
Madagascar,1984,Monazite                                          ,0,BGS
Madagascar,1985,Bastnaesite                                       ,9,BGS
Madagascar,1985,Monazite                                          ,0,BGS
Madagascar,1986,Bastnaesite                                       ,10,BGS
Madagascar,1986,Monazite                                          ,0,BGS
Madagascar,1987,Bastnaesite                                       ,10,BGS
Madagascar,1987,Monazite                                          ,0,BGS
Madagascar,1988,Bastnaesite                                       ,5,BGS
Madagascar,1988,Monazite                                          ,0,BGS
Madagascar,1989,Bastnaesite                                       ,5,BGS
Madagascar,1989,Monazite                                          ,0,BGS
Madagascar,1990,Bastnaesite                                       ,5,BGS
Madagascar,1990,Monazite                                          ,0,BGS
Madagascar,1991,Bastnaesite                                       ,5,BGS
Madagascar,1991,Monazite                                          ,0,BGS
Madagascar,1992,Bastnaesite                                       ,5,BGS
Madagascar,1992,Monazite                                          ,100,BGS
Madagascar,1993,Bastnaesite                                       ,5,BGS
Madagascar,1993,Monazite                                          ,100,BGS
Madagascar,1994,Bastnaesite                                       ,5,BGS
Madagascar,1994,Monazite                                          ,100,BGS
Madagascar,1995,Bastnaesite                                       ,5,BGS
Madagascar,1995,Monazite                                          ,100,BGS
Madagascar,1996,Bastnaesite                                       ,0,BGS
Madagascar,1996,Monazite                                          ,0,BGS
Madagascar,1997,Bastnaesite                                       ,0,BGS
Madagascar,1997,Monazite                                          ,0,BGS
Madagascar,1998,Bastnaesite                                       ,0,BGS
Madagascar,1998,Monazite                                          ,0,BGS
Madagascar,1999,Bastnaesite                                       ,0,BGS
Madagascar,1999,Monazite                                          ,0,BGS
Madagascar,2000,Bastnaesite                                       ,0,BGS
Madagascar,2000,Monazite                                          ,0,BGS
Madagascar,2001,Bastnaesite                                       ,0,BGS
Madagascar,2001,Monazite                                          ,0,BGS
Madagascar,2002,Bastnaesite                                       ,0,BGS
Madagascar,2002,Monazite                                          ,0,BGS
Madagascar,2003,Bastnaesite                                       ,0,BGS
Madagascar,2003,Monazite                                          ,0,BGS
Madagascar,2004,Bastnaesite                                       ,0,BGS
Madagascar,2004,Monazite                                          ,0,BGS
Madagascar,2005,Bastnaesite                                       ,0,BGS
Madagascar,2005,Monazite                                          ,0,BGS
Madagascar,2006,Bastnaesite                                       ,0,BGS
Madagascar,2006,Monazite                                          ,0,BGS
Madagascar,2007,Bastnaesite                                       ,0,BGS
Madagascar,2007,Monazite                                          ,0,BGS
Madagascar,2008,Bastnaesite                                       ,0,BGS
Madagascar,2008,Monazite                                          ,0,BGS
Madagascar,2009,Bastnaesite                                       ,0,BGS
Madagascar,2009,Monazite                                          ,0,BGS
Madagascar,2010,Bastnaesite                                       ,0,BGS
Madagascar,2010,Monazite                                          ,0,BGS
Madagascar,2011,Bastnaesite                                       ,0,BGS
Madagascar,2011,Monazite                                          ,0,BGS
Madagascar,2012,Bastnaesite                                       ,0,BGS
Madagascar,2012,Monazite                                          ,0,BGS
Madagascar,2013,Bastnaesite                                       ,0,BGS
Madagascar,2013,Monazite                                          ,0,BGS
Madagascar,2014,Bastnaesite                                       ,0,BGS
Madagascar,2014,Monazite                                          ,0,BGS
Madagascar,2015,Bastnaesite                                       ,0,BGS
Madagascar,2015,Monazite                                          ,0,BGS
Madagascar,2016,Bastnaesite                                       ,0,BGS
Madagascar,2016,Monazite                                          ,0,BGS
Madagascar,2017,Bastnaesite                                       ,0,BGS
Madagascar,2017,Monazite                                          ,0,BGS
Madagascar,2018,Bastnaesite                                       ,0,BGS
Madagascar,2018,Monazite                                          ,0,BGS
Madagascar,2019,Bastnaesite                                       ,0,BGS
Madagascar,2019,Monazite                                          ,0,BGS
Madagascar,2020,Bastnaesite                                       ,0,BGS
Madagascar,2020,Monazite                                          ,0,BGS
Madagascar,2021,Bastnaesite                                       ,0,BGS
Madagascar,2021,Monazite                                          ,0,BGS
Madagascar,2022,Bastnaesite                                       ,0,BGS
Madagascar,2022,Monazite                                          ,0,BGS
Malaysia,1970,Monazite                                          ,0,BGS
Malaysia,1970,Xenotime                                          ,0,BGS
Malaysia,1971,Monazite                                          ,0,BGS
Malaysia,1971,Xenotime                                          ,0,BGS
Malaysia,1972,Monazite                                          ,0,BGS
Malaysia,1972,Xenotime                                          ,0,BGS
Malaysia,1973,Monazite                                          ,0,BGS
Malaysia,1973,Xenotime                                          ,0,BGS
Malaysia,1974,Monazite                                          ,0,BGS
Malaysia,1974,Xenotime                                          ,0,BGS
Malaysia,1975,Monazite                                          ,3285,BGS
Malaysia,1975,Xenotime                                          ,25,BGS
Malaysia,1976,Monazite                                          ,1879,BGS
Malaysia,1976,Xenotime                                          ,79,BGS
Malaysia,1977,Monazite                                          ,1976,BGS
Malaysia,1977,Xenotime                                          ,35,BGS
Malaysia,1978,Monazite                                          ,1607,BGS
Malaysia,1978,Xenotime                                          ,0,BGS
Malaysia,1979,Monazite                                          ,466,BGS
Malaysia,1979,Xenotime                                          ,0,BGS
Malaysia,1980,Monazite                                          ,327,BGS
Malaysia,1980,Xenotime                                          ,0,BGS
Malaysia,1981,Monazite                                          ,320,BGS
Malaysia,1981,Xenotime                                          ,24,BGS
Malaysia,1982,Monazite                                          ,582,BGS
Malaysia,1982,Xenotime                                          ,76,BGS
Malaysia,1983,Monazite                                          ,1034,BGS
Malaysia,1983,Xenotime                                          ,10,BGS
Malaysia,1984,Monazite                                          ,1095,BGS
Malaysia,1984,Xenotime                                          ,68,BGS
Malaysia,1985,Monazite                                          ,5808,BGS
Malaysia,1985,Xenotime                                          ,1124,BGS
Malaysia,1986,Monazite                                          ,5959,BGS
Malaysia,1986,Xenotime                                          ,145,BGS
Malaysia,1987,Monazite                                          ,2908,BGS
Malaysia,1987,Xenotime                                          ,31,BGS
Malaysia,1988,Monazite                                          ,2920,BGS
Malaysia,1988,Xenotime                                          ,47,BGS
Malaysia,1989,Monazite                                          ,2948,BGS
Malaysia,1989,Xenotime                                          ,131,BGS
Malaysia,1990,Monazite                                          ,3323,BGS
Malaysia,1990,Xenotime                                          ,165,BGS
Malaysia,1991,Monazite                                          ,1981,BGS
Malaysia,1991,Xenotime                                          ,5,BGS
Malaysia,1992,Monazite                                          ,777,BGS
Malaysia,1992,Xenotime                                          ,13,BGS
Malaysia,1993,Monazite                                          ,407,BGS
Malaysia,1993,Xenotime                                          ,22,BGS
Malaysia,1994,Monazite                                          ,425,BGS
Malaysia,1994,Xenotime                                          ,1,BGS
Malaysia,1995,Monazite                                          ,814,BGS
Malaysia,1995,Xenotime                                          ,8,BGS
Malaysia,1996,Monazite                                          ,618,BGS
Malaysia,1996,Xenotime                                          ,0,BGS
Malaysia,1997,Monazite                                          ,688,BGS
Malaysia,1997,Xenotime                                          ,79,BGS
Malaysia,1998,Monazite                                          ,517,BGS
Malaysia,1998,Xenotime                                          ,0,BGS
Malaysia,1999,Monazite                                          ,1147,BGS
Malaysia,1999,Xenotime                                          ,0,BGS
Malaysia,2000,Monazite                                          ,818,BGS
Malaysia,2000,Xenotime                                          ,0,BGS
Malaysia,2001,Monazite                                          ,643,BGS
Malaysia,2001,Xenotime                                          ,0,BGS
Malaysia,2002,Monazite                                          ,441,BGS
Malaysia,2002,Xenotime                                          ,0,BGS
Malaysia,2003,Monazite                                          ,795,BGS
Malaysia,2003,Xenotime                                          ,0,BGS
Malaysia,2004,Monazite                                          ,1683,BGS
Malaysia,2004,Xenotime                                          ,0,BGS
Malaysia,2005,Monazite                                          ,320,BGS
Malaysia,2005,Xenotime                                          ,0,BGS
Malaysia,2006,Monazite                                          ,894,BGS
Malaysia,2006,Xenotime                                          ,0,BGS
Malaysia,2007,Monazite                                          ,682,BGS
Malaysia,2007,Xenotime                                          ,0,BGS
Malaysia,2008,Monazite                                          ,233,BGS
Malaysia,2008,Xenotime                                          ,0,BGS
Malaysia,2009,Monazite                                          ,25,BGS
Malaysia,2009,Xenotime                                          ,0,BGS
Malaysia,2010,Monazite                                          ,622,BGS
Malaysia,2010,Xenotime                                          ,110,BGS
Malaysia,2011,Monazite                                          ,571,BGS
Malaysia,2011,Xenotime                                          ,208,BGS
Malaysia,2012,Monazite                                          ,113,BGS
Malaysia,2012,Xenotime                                          ,0,BGS
Malaysia,2013,Monazite                                          ,0,BGS
Malaysia,2013,Xenotime                                          ,0,BGS
Malaysia,2014,Monazite                                          ,0,BGS
Malaysia,2014,Xenotime                                          ,0,BGS
Malaysia,2015,Monazite                                          ,0,BGS
Malaysia,2015,Xenotime                                          ,0,BGS
Malaysia,2016,Monazite                                          ,0,BGS
Malaysia,2016,Xenotime                                          ,0,BGS
Malaysia,2017,Monazite                                          ,0,BGS
Malaysia,2017,Xenotime                                          ,0,BGS
Malaysia,2018,Monazite                                          ,0,BGS
Malaysia,2018,Xenotime                                          ,0,BGS
Malaysia,2019,Monazite                                          ,0,BGS
Malaysia,2019,Xenotime                                          ,0,BGS
Malaysia,2020,Monazite                                          ,0,BGS
Malaysia,2020,Xenotime                                          ,0,BGS
Malaysia,2021,Monazite                                          ,0,BGS
Malaysia,2021,Xenotime                                          ,0,BGS
Malaysia,2022,Monazite                                          ,0,BGS
Malaysia,2022,Xenotime                                          ,0,BGS
Nigeria,1970,Monazite                                          ,0,BGS
Nigeria,1971,Monazite                                          ,0,BGS
Nigeria,1972,Monazite                                          ,0,BGS
Nigeria,1973,Monazite                                          ,0,BGS
Nigeria,1974,Monazite                                          ,0,BGS
Nigeria,1975,Monazite                                          ,20,BGS
Nigeria,1976,Monazite                                          ,20,BGS
Nigeria,1977,Monazite                                          ,20,BGS
Nigeria,1978,Monazite                                          ,20,BGS
Nigeria,1979,Monazite                                          ,20,BGS
Nigeria,1980,Monazite                                          ,20,BGS
Nigeria,1981,Monazite                                          ,0,BGS
Nigeria,1982,Monazite                                          ,0,BGS
Nigeria,1983,Monazite                                          ,0,BGS
Nigeria,1984,Monazite                                          ,0,BGS
Nigeria,1985,Monazite                                          ,0,BGS
Nigeria,1986,Monazite                                          ,0,BGS
Nigeria,1987,Monazite                                          ,0,BGS
Nigeria,1988,Monazite                                          ,0,BGS
Nigeria,1989,Monazite                                          ,0,BGS
Nigeria,1990,Monazite                                          ,0,BGS
Nigeria,1991,Monazite                                          ,0,BGS
Nigeria,1992,Monazite                                          ,0,BGS
Nigeria,1993,Monazite                                          ,0,BGS
Nigeria,1994,Monazite                                          ,0,BGS
Nigeria,1995,Monazite                                          ,0,BGS
Nigeria,1996,Monazite                                          ,0,BGS
Nigeria,1997,Monazite                                          ,0,BGS
Nigeria,1998,Monazite                                          ,0,BGS
Nigeria,1999,Monazite                                          ,0,BGS
Nigeria,2000,Monazite                                          ,0,BGS
Nigeria,2001,Monazite                                          ,0,BGS
Nigeria,2002,Monazite                                          ,0,BGS
Nigeria,2003,Monazite                                          ,0,BGS
Nigeria,2004,Monazite                                          ,0,BGS
Nigeria,2005,Monazite                                          ,0,BGS
Nigeria,2006,Monazite                                          ,0,BGS
Nigeria,2007,Monazite                                          ,0,BGS
Nigeria,2008,Monazite                                          ,0,BGS
Nigeria,2009,Monazite                                          ,0,BGS
Nigeria,2010,Monazite                                          ,0,BGS
Nigeria,2011,Monazite                                          ,0,BGS
Nigeria,2012,Monazite                                          ,0,BGS
Nigeria,2013,Monazite                                          ,0,BGS
Nigeria,2014,Monazite                                          ,0,BGS
Nigeria,2015,Monazite                                          ,0,BGS
Nigeria,2016,Monazite                                          ,0,BGS
Nigeria,2017,Monazite                                          ,0,BGS
Nigeria,2018,Monazite                                          ,0,BGS
Nigeria,2019,Monazite                                          ,0,BGS
Nigeria,2020,Monazite                                          ,0,BGS
Nigeria,2021,Monazite                                          ,0,BGS
Nigeria,2022,Monazite                                          ,0,BGS
Russia,1970,Loparite,0,BGS
Russia,1971,Loparite,0,BGS
Russia,1972,Loparite,0,BGS
Russia,1973,Loparite,0,BGS
Russia,1974,Loparite,0,BGS
Russia,1975,Loparite,0,BGS
Russia,1976,Loparite,0,BGS
Russia,1977,Loparite,0,BGS
Russia,1978,Loparite,0,BGS
Russia,1979,Loparite,0,BGS
Russia,1980,Loparite,0,BGS
Russia,1981,Loparite,0,BGS
Russia,1982,Loparite,0,BGS
Russia,1983,Loparite,0,BGS
Russia,1984,Loparite,0,BGS
Russia,1985,Loparite,0,BGS
Russia,1986,Loparite,0,BGS
Russia,1987,Loparite,0,BGS
Russia,1988,Loparite,0,BGS
Russia,1989,Loparite,0,BGS
Russia,1990,Loparite,0,BGS
Russia,1991,Loparite,0,BGS
Russia,1992,Loparite,0,BGS
Russia,1993,Loparite,0,BGS
Russia,1994,Loparite,0,BGS
Russia,1995,Loparite,0,BGS
Russia,1996,Loparite,0,BGS
Russia,1997,Loparite,0,BGS
Russia,1998,Loparite,0,BGS
Russia,1999,Loparite,0,BGS
Russia,2000,Loparite,0,BGS
Russia,2001,Loparite,0,BGS
Russia,2002,Loparite,0,BGS
Russia,2003,Loparite,0,BGS
Russia,2004,Loparite,0,BGS
Russia,2005,Loparite,0,BGS
Russia,2006,Loparite,0,BGS
Russia,2007,Loparite,0,BGS
Russia,2008,Loparite,0,BGS
Russia,2009,Loparite,6628,BGS
Russia,2010,Loparite,5120,BGS
Russia,2011,Loparite,6226,BGS
Russia,2012,Loparite,0,BGS
Russia,2013,Loparite,0,BGS
Russia,2014,Loparite,0,BGS
Russia,2015,Loparite,0,BGS
Russia,2016,Loparite,0,BGS
Russia,2017,Loparite,0,BGS
Russia,2018,Loparite,0,BGS
Russia,2019,Loparite,0,BGS
Russia,2020,Loparite,0,BGS
Russia,2021,Loparite,0,BGS
Russia,2022,Loparite,0,BGS
South Africa,1970,Monazite                                          ,0,BGS
South Africa,1971,Monazite                                          ,0,BGS
South Africa,1972,Monazite                                          ,0,BGS
South Africa,1973,Monazite                                          ,0,BGS
South Africa,1974,Monazite                                          ,0,BGS
South Africa,1975,Monazite                                          ,0,BGS
South Africa,1976,Monazite                                          ,0,BGS
South Africa,1977,Monazite                                          ,0,BGS
South Africa,1978,Monazite                                          ,0,BGS
South Africa,1979,Monazite                                          ,0,BGS
South Africa,1980,Monazite                                          ,0,BGS
South Africa,1981,Monazite                                          ,0,BGS
South Africa,1982,Monazite                                          ,0,BGS
South Africa,1983,Monazite                                          ,0,BGS
South Africa,1984,Monazite                                          ,0,BGS
South Africa,1985,Monazite                                          ,0,BGS
South Africa,1986,Monazite                                          ,0,BGS
South Africa,1987,Monazite                                          ,1200,BGS
South Africa,1988,Monazite                                          ,1200,BGS
South Africa,1989,Monazite                                          ,1200,BGS
South Africa,1990,Monazite                                          ,724,BGS
South Africa,1991,Monazite                                          ,400,BGS
South Africa,1992,Monazite                                          ,430,BGS
South Africa,1993,Monazite                                          ,430,BGS
South Africa,1994,Monazite                                          ,131,BGS
South Africa,1995,Monazite                                          ,0,BGS
South Africa,1996,Monazite                                          ,0,BGS
South Africa,1997,Monazite                                          ,0,BGS
South Africa,1998,Monazite                                          ,0,BGS
South Africa,1999,Monazite                                          ,0,BGS
South Africa,2000,Monazite                                          ,0,BGS
South Africa,2001,Monazite                                          ,0,BGS
South Africa,2002,Monazite                                          ,0,BGS
South Africa,2003,Monazite                                          ,0,BGS
South Africa,2004,Monazite                                          ,0,BGS
South Africa,2005,Monazite                                          ,0,BGS
South Africa,2006,Monazite                                          ,0,BGS
South Africa,2007,Monazite                                          ,0,BGS
South Africa,2008,Monazite                                          ,0,BGS
South Africa,2009,Monazite                                          ,0,BGS
South Africa,2010,Monazite                                          ,0,BGS
South Africa,2011,Monazite                                          ,0,BGS
South Africa,2012,Monazite                                          ,0,BGS
South Africa,2013,Monazite                                          ,0,BGS
South Africa,2014,Monazite                                          ,0,BGS
South Africa,2015,Monazite                                          ,0,BGS
South Africa,2016,Monazite                                          ,0,BGS
South Africa,2017,Monazite                                          ,0,BGS
South Africa,2018,Monazite                                          ,0,BGS
South Africa,2019,Monazite                                          ,0,BGS
South Africa,2020,Monazite                                          ,0,BGS
South Africa,2021,Monazite                                          ,0,BGS
South Africa,2022,Monazite                                          ,0,BGS
Soviet Union,1970,Monazite                                          ,0,BGS
Soviet Union,1971,Monazite                                          ,0,BGS
Soviet Union,1972,Monazite                                          ,0,BGS
Soviet Union,1973,Monazite                                          ,0,BGS
Soviet Union,1974,Monazite                                          ,0,BGS
Soviet Union,1975,Monazite                                          ,0,BGS
Soviet Union,1976,Monazite                                          ,0,BGS
Soviet Union,1977,Monazite                                          ,0,BGS
Soviet Union,1978,Monazite                                          ,0,BGS
Soviet Union,1979,Monazite                                          ,0,BGS
Soviet Union,1980,Monazite                                          ,0,BGS
Soviet Union,1981,Monazite                                          ,0,BGS
Soviet Union,1982,Monazite                                          ,0,BGS
Soviet Union,1983,Monazite                                          ,0,BGS
Soviet Union,1984,Monazite                                          ,0,BGS
Soviet Union,1985,Monazite                                          ,0,BGS
Soviet Union,1986,Monazite                                          ,0,BGS
Soviet Union,1987,Monazite                                          ,0,BGS
Soviet Union,1988,Monazite                                          ,0,BGS
Soviet Union,1989,Monazite                                          ,1500,BGS
Soviet Union,1990,Monazite                                          ,8500,BGS
Soviet Union,1991,Monazite                                          ,8500,BGS
Soviet Union,1992,Monazite                                          ,8000,BGS
Soviet Union,1993,Monazite                                          ,0,BGS
Soviet Union,1994,Monazite                                          ,0,BGS
Soviet Union,1995,Monazite                                          ,0,BGS
Soviet Union,1996,Monazite                                          ,0,BGS
Soviet Union,1997,Monazite                                          ,0,BGS
Soviet Union,1998,Monazite                                          ,0,BGS
Soviet Union,1999,Monazite                                          ,0,BGS
Soviet Union,2000,Monazite                                          ,0,BGS
Soviet Union,2001,Monazite                                          ,0,BGS
Soviet Union,2002,Monazite                                          ,0,BGS
Soviet Union,2003,Monazite                                          ,0,BGS
Soviet Union,2004,Monazite                                          ,0,BGS
Soviet Union,2005,Monazite                                          ,0,BGS
Soviet Union,2006,Monazite                                          ,0,BGS
Soviet Union,2007,Monazite                                          ,0,BGS
Soviet Union,2008,Monazite                                          ,0,BGS
Soviet Union,2009,Monazite                                          ,0,BGS
Soviet Union,2010,Monazite                                          ,0,BGS
Soviet Union,2011,Monazite                                          ,0,BGS
Soviet Union,2012,Monazite                                          ,0,BGS
Soviet Union,2013,Monazite                                          ,0,BGS
Soviet Union,2014,Monazite                                          ,0,BGS
Soviet Union,2015,Monazite                                          ,0,BGS
Soviet Union,2016,Monazite                                          ,0,BGS
Soviet Union,2017,Monazite                                          ,0,BGS
Soviet Union,2018,Monazite                                          ,0,BGS
Soviet Union,2019,Monazite                                          ,0,BGS
Soviet Union,2020,Monazite                                          ,0,BGS
Soviet Union,2021,Monazite                                          ,0,BGS
Soviet Union,2022,Monazite                                          ,0,BGS
Sri Lanka,1970,Monazite                                          ,0,BGS
Sri Lanka,1971,Monazite                                          ,0,BGS
Sri Lanka,1972,Monazite                                          ,0,BGS
Sri Lanka,1973,Monazite                                          ,0,BGS
Sri Lanka,1974,Monazite                                          ,0,BGS
Sri Lanka,1975,Monazite                                          ,6,BGS
Sri Lanka,1976,Monazite                                          ,1,BGS
Sri Lanka,1977,Monazite                                          ,0,BGS
Sri Lanka,1978,Monazite                                          ,18,BGS
Sri Lanka,1979,Monazite                                          ,4,BGS
Sri Lanka,1980,Monazite                                          ,63,BGS
Sri Lanka,1981,Monazite                                          ,60,BGS
Sri Lanka,1982,Monazite                                          ,368,BGS
Sri Lanka,1983,Monazite                                          ,292,BGS
Sri Lanka,1984,Monazite                                          ,147,BGS
Sri Lanka,1985,Monazite                                          ,200,BGS
Sri Lanka,1986,Monazite                                          ,17,BGS
Sri Lanka,1987,Monazite                                          ,100,BGS
Sri Lanka,1988,Monazite                                          ,200,BGS
Sri Lanka,1989,Monazite                                          ,200,BGS
Sri Lanka,1990,Monazite                                          ,200,BGS
Sri Lanka,1991,Monazite                                          ,200,BGS
Sri Lanka,1992,Monazite                                          ,200,BGS
Sri Lanka,1993,Monazite                                          ,200,BGS
Sri Lanka,1994,Monazite                                          ,0,BGS
Sri Lanka,1995,Monazite                                          ,0,BGS
Sri Lanka,1996,Monazite                                          ,0,BGS
Sri Lanka,1997,Monazite                                          ,0,BGS
Sri Lanka,1998,Monazite                                          ,0,BGS
Sri Lanka,1999,Monazite                                          ,0,BGS
Sri Lanka,2000,Monazite                                          ,0,BGS
Sri Lanka,2001,Monazite                                          ,0,BGS
Sri Lanka,2002,Monazite                                          ,0,BGS
Sri Lanka,2003,Monazite                                          ,0,BGS
Sri Lanka,2004,Monazite                                          ,0,BGS
Sri Lanka,2005,Monazite                                          ,0,BGS
Sri Lanka,2006,Monazite                                          ,0,BGS
Sri Lanka,2007,Monazite                                          ,0,BGS
Sri Lanka,2008,Monazite                                          ,0,BGS
Sri Lanka,2009,Monazite                                          ,0,BGS
Sri Lanka,2010,Monazite                                          ,0,BGS
Sri Lanka,2011,Monazite                                          ,0,BGS
Sri Lanka,2012,Monazite                                          ,0,BGS
Sri Lanka,2013,Monazite                                          ,0,BGS
Sri Lanka,2014,Monazite                                          ,0,BGS
Sri Lanka,2015,Monazite                                          ,0,BGS
Sri Lanka,2016,Monazite                                          ,0,BGS
Sri Lanka,2017,Monazite                                          ,0,BGS
Sri Lanka,2018,Monazite                                          ,0,BGS
Sri Lanka,2019,Monazite                                          ,0,BGS
Sri Lanka,2020,Monazite                                          ,0,BGS
Sri Lanka,2021,Monazite                                          ,0,BGS
Sri Lanka,2022,Monazite                                          ,0,BGS
Thailand,1970,Monazite                                          ,0,BGS
Thailand,1970,Xenotime                                          ,0,BGS
Thailand,1971,Monazite                                          ,0,BGS
Thailand,1971,Xenotime                                          ,0,BGS
Thailand,1972,Monazite                                          ,0,BGS
Thailand,1972,Xenotime                                          ,0,BGS
Thailand,1973,Monazite                                          ,0,BGS
Thailand,1973,Xenotime                                          ,0,BGS
Thailand,1974,Monazite                                          ,0,BGS
Thailand,1974,Xenotime                                          ,0,BGS
Thailand,1975,Monazite                                          ,367,BGS
Thailand,1975,Xenotime                                          ,0,BGS
Thailand,1976,Monazite                                          ,0,BGS
Thailand,1976,Xenotime                                          ,0,BGS
Thailand,1977,Monazite                                          ,0,BGS
Thailand,1977,Xenotime                                          ,50,BGS
Thailand,1978,Monazite                                          ,0,BGS
Thailand,1978,Xenotime                                          ,0,BGS
Thailand,1979,Monazite                                          ,32,BGS
Thailand,1979,Xenotime                                          ,6,BGS
Thailand,1980,Monazite                                          ,152,BGS
Thailand,1980,Xenotime                                          ,52,BGS
Thailand,1981,Monazite                                          ,107,BGS
Thailand,1981,Xenotime                                          ,45,BGS
Thailand,1982,Monazite                                          ,162,BGS
Thailand,1982,Xenotime                                          ,46,BGS
Thailand,1983,Monazite                                          ,257,BGS
Thailand,1983,Xenotime                                          ,38,BGS
Thailand,1984,Monazite                                          ,298,BGS
Thailand,1984,Xenotime                                          ,28,BGS
Thailand,1985,Monazite                                          ,663,BGS
Thailand,1985,Xenotime                                          ,158,BGS
Thailand,1986,Monazite                                          ,1609,BGS
Thailand,1986,Xenotime                                          ,28,BGS
Thailand,1987,Monazite                                          ,458,BGS
Thailand,1987,Xenotime                                          ,30,BGS
Thailand,1988,Monazite                                          ,590,BGS
Thailand,1988,Xenotime                                          ,101,BGS
Thailand,1989,Monazite                                          ,631,BGS
Thailand,1989,Xenotime                                          ,35,BGS
Thailand,1990,Monazite                                          ,377,BGS
Thailand,1990,Xenotime                                          ,14,BGS
Thailand,1991,Monazite                                          ,134,BGS
Thailand,1991,Xenotime                                          ,3,BGS
Thailand,1992,Monazite                                          ,89,BGS
Thailand,1992,Xenotime                                          ,0,BGS
Thailand,1993,Monazite                                          ,220,BGS
Thailand,1993,Xenotime                                          ,0,BGS
Thailand,1994,Monazite                                          ,0,BGS
Thailand,1994,Xenotime                                          ,0,BGS
Thailand,1995,Monazite                                          ,0,BGS
Thailand,1995,Xenotime                                          ,0,BGS
Thailand,1996,Monazite                                          ,0,BGS
Thailand,1996,Xenotime                                          ,0,BGS
Thailand,1997,Monazite                                          ,0,BGS
Thailand,1997,Xenotime                                          ,0,BGS
Thailand,1998,Monazite                                          ,0,BGS
Thailand,1998,Xenotime                                          ,0,BGS
Thailand,1999,Monazite                                          ,0,BGS
Thailand,1999,Xenotime                                          ,0,BGS
Thailand,2000,Monazite                                          ,0,BGS
Thailand,2000,Xenotime                                          ,0,BGS
Thailand,2001,Monazite                                          ,0,BGS
Thailand,2001,Xenotime                                          ,0,BGS
Thailand,2002,Monazite                                          ,0,BGS
Thailand,2002,Xenotime                                          ,0,BGS
Thailand,2003,Monazite                                          ,0,BGS
Thailand,2003,Xenotime                                          ,0,BGS
Thailand,2004,Monazite                                          ,0,BGS
Thailand,2004,Xenotime                                          ,0,BGS
Thailand,2005,Monazite                                          ,0,BGS
Thailand,2005,Xenotime                                          ,0,BGS
Thailand,2006,Monazite                                          ,0,BGS
Thailand,2006,Xenotime                                          ,0,BGS
Thailand,2007,Monazite                                          ,0,BGS
Thailand,2007,Xenotime                                          ,0,BGS
Thailand,2008,Monazite                                          ,0,BGS
Thailand,2008,Xenotime                                          ,0,BGS
Thailand,2009,Monazite                                          ,0,BGS
Thailand,2009,Xenotime                                          ,0,BGS
Thailand,2010,Monazite                                          ,0,BGS
Thailand,2010,Xenotime                                          ,0,BGS
Thailand,2011,Monazite                                          ,0,BGS
Thailand,2011,Xenotime                                          ,0,BGS
Thailand,2012,Monazite                                          ,0,BGS
Thailand,2012,Xenotime                                          ,0,BGS
Thailand,2013,Monazite                                          ,0,BGS
Thailand,2013,Xenotime                                          ,0,BGS
Thailand,2014,Monazite                                          ,0,BGS
Thailand,2014,Xenotime                                          ,0,BGS
Thailand,2015,Monazite                                          ,0,BGS
Thailand,2015,Xenotime                                          ,0,BGS
Thailand,2016,Monazite                                          ,0,BGS
Thailand,2016,Xenotime                                          ,0,BGS
Thailand,2017,Monazite                                          ,0,BGS
Thailand,2017,Xenotime                                          ,0,BGS
Thailand,2018,Monazite                                          ,0,BGS
Thailand,2018,Xenotime                                          ,0,BGS
Thailand,2019,Monazite                                          ,0,BGS
Thailand,2019,Xenotime                                          ,0,BGS
Thailand,2020,Monazite                                          ,0,BGS
Thailand,2020,Xenotime                                          ,0,BGS
Thailand,2021,Monazite                                          ,0,BGS
Thailand,2021,Xenotime                                          ,0,BGS
Thailand,2022,Monazite                                          ,0,BGS
Thailand,2022,Xenotime                                          ,0,BGS
USA,1970,Bastnaesite                                       ,0,BGS
USA,1970,Monazite                                          ,0,BGS
USA,1971,Bastnaesite                                       ,0,BGS
USA,1971,Monazite                                          ,0,BGS
USA,1972,Bastnaesite                                       ,0,BGS
USA,1972,Monazite                                          ,0,BGS
USA,1973,Bastnaesite                                       ,0,BGS
USA,1973,Monazite                                          ,0,BGS
USA,1974,Bastnaesite                                       ,0,BGS
USA,1974,Monazite                                          ,0,BGS
USA,1975,Bastnaesite                                       ,14940,BGS
USA,1975,Monazite                                          ,750,BGS
USA,1976,Bastnaesite                                       ,13039,BGS
USA,1976,Monazite                                          ,600,BGS
USA,1977,Bastnaesite                                       ,15359,BGS
USA,1977,Monazite                                          ,600,BGS
USA,1978,Bastnaesite                                       ,14148,BGS
USA,1978,Monazite                                          ,1250,BGS
USA,1979,Bastnaesite                                       ,16515,BGS
USA,1979,Monazite                                          ,1200,BGS
USA,1980,Bastnaesite                                       ,15986,BGS
USA,1980,Monazite                                          ,700,BGS
USA,1981,Bastnaesite                                       ,17082,BGS
USA,1981,Monazite                                          ,850,BGS
USA,1982,Bastnaesite                                       ,17501,BGS
USA,1982,Monazite                                          ,400,BGS
USA,1983,Bastnaesite                                       ,17083,BGS
USA,1983,Monazite                                          ,400,BGS
USA,1984,Bastnaesite                                       ,25311,BGS
USA,1984,Monazite                                          ,450,BGS
USA,1985,Bastnaesite                                       ,13428,BGS
USA,1985,Monazite                                          ,450,BGS
USA,1986,Bastnaesite                                       ,11094,BGS
USA,1986,Monazite                                          ,450,BGS
USA,1987,Bastnaesite                                       ,16710,BGS
USA,1987,Monazite                                          ,450,BGS
USA,1988,Bastnaesite                                       ,11533,BGS
USA,1988,Monazite                                          ,450,BGS
USA,1989,Bastnaesite                                       ,20787,BGS
USA,1989,Monazite                                          ,450,BGS
USA,1990,Bastnaesite                                       ,22713,BGS
USA,1990,Monazite                                          ,2100,BGS
USA,1991,Bastnaesite                                       ,16465,BGS
USA,1991,Monazite                                          ,1500,BGS
USA,1992,Bastnaesite                                       ,20699,BGS
USA,1992,Monazite                                          ,800,BGS
USA,1993,Bastnaesite                                       ,17754,BGS
USA,1993,Monazite                                          ,0,BGS
USA,1994,Bastnaesite                                       ,20664,BGS
USA,1994,Monazite                                          ,0,BGS
USA,1995,Bastnaesite                                       ,22200,BGS
USA,1995,Monazite                                          ,0,BGS
USA,1996,Bastnaesite                                       ,20400,BGS
USA,1996,Monazite                                          ,0,BGS
USA,1997,Bastnaesite                                       ,10000,BGS
USA,1997,Monazite                                          ,0,BGS
USA,1998,Bastnaesite                                       ,5000,BGS
USA,1998,Monazite                                          ,0,BGS
USA,1999,Bastnaesite                                       ,5000,BGS
USA,1999,Monazite                                          ,0,BGS
USA,2000,Bastnaesite                                       ,5000,BGS
USA,2000,Monazite                                          ,0,BGS
USA,2001,Bastnaesite                                       ,5000,BGS
USA,2001,Monazite                                          ,0,BGS
USA,2002,Bastnaesite                                       ,5000,BGS
USA,2002,Monazite                                          ,0,BGS
USA,2003,Bastnaesite                                       ,0,BGS
USA,2003,Monazite                                          ,0,BGS
USA,2004,Bastnaesite                                       ,0,BGS
USA,2004,Monazite                                          ,0,BGS
USA,2005,Bastnaesite                                       ,0,BGS
USA,2005,Monazite                                          ,0,BGS
USA,2006,Bastnaesite                                       ,0,BGS
USA,2006,Monazite                                          ,0,BGS
USA,2007,Bastnaesite                                       ,0,BGS
USA,2007,Monazite                                          ,0,BGS
USA,2008,Bastnaesite                                       ,0,BGS
USA,2008,Monazite                                          ,0,BGS
USA,2009,Bastnaesite                                       ,0,BGS
USA,2009,Monazite                                          ,0,BGS
USA,2010,Bastnaesite                                       ,0,BGS
USA,2010,Monazite                                          ,0,BGS
USA,2011,Bastnaesite                                       ,0,BGS
USA,2011,Monazite                                          ,0,BGS
USA,2012,Bastnaesite                                       ,0,BGS
USA,2012,Monazite                                          ,0,BGS
USA,2013,Bastnaesite                                       ,0,BGS
USA,2013,Monazite                                          ,0,BGS
USA,2014,Bastnaesite                                       ,0,BGS
USA,2014,Monazite                                          ,0,BGS
USA,2015,Bastnaesite                                       ,0,BGS
USA,2015,Monazite                                          ,0,BGS
USA,2016,Bastnaesite                                       ,0,BGS
USA,2016,Monazite                                          ,0,BGS
USA,2017,Bastnaesite                                       ,0,BGS
USA,2017,Monazite                                          ,0,BGS
USA,2018,Bastnaesite                                       ,0,BGS
USA,2018,Monazite                                          ,0,BGS
USA,2019,Bastnaesite                                       ,0,BGS
USA,2019,Monazite                                          ,0,BGS
USA,2020,Bastnaesite                                       ,0,BGS
USA,2020,Monazite                                          ,0,BGS
USA,2021,Bastnaesite                                       ,0,BGS
USA,2021,Monazite                                          ,0,BGS
USA,2022,Bastnaesite                                       ,0,BGS
USA,2022,Monazite                                          ,0,BGS
Zaire,1970,Monazite                                          ,0,BGS
Zaire,1971,Monazite                                          ,0,BGS
Zaire,1972,Monazite                                          ,0,BGS
Zaire,1973,Monazite                                          ,0,BGS
Zaire,1974,Monazite                                          ,0,BGS
Zaire,1975,Monazite                                          ,298,BGS
Zaire,1976,Monazite                                          ,125,BGS
Zaire,1977,Monazite                                          ,96,BGS
Zaire,1978,Monazite                                          ,77,BGS
Zaire,1979,Monazite                                          ,92,BGS
Zaire,1980,Monazite                                          ,51,BGS
Zaire,1981,Monazite                                          ,35,BGS
Zaire,1982,Monazite                                          ,32,BGS
Zaire,1983,Monazite                                          ,15,BGS
Zaire,1984,Monazite                                          ,2,BGS
Zaire,1985,Monazite                                          ,0,BGS
Zaire,1986,Monazite                                          ,7,BGS
Zaire,1987,Monazite                                          ,97,BGS
Zaire,1988,Monazite                                          ,168,BGS
Zaire,1989,Monazite                                          ,175,BGS
Zaire,1990,Monazite                                          ,124,BGS
Zaire,1991,Monazite                                          ,120,BGS
Zaire,1992,Monazite                                          ,0,BGS
Zaire,1993,Monazite                                          ,0,BGS
Zaire,1994,Monazite                                          ,0,BGS
Zaire,1995,Monazite                                          ,0,BGS
Zaire,1996,Monazite                                          ,0,BGS
Zaire,1997,Monazite                                          ,0,BGS
Zaire,1998,Monazite                                          ,0,BGS
Zaire,1999,Monazite                                          ,0,BGS
Zaire,2000,Monazite                                          ,0,BGS
Zaire,2001,Monazite                                          ,0,BGS
Zaire,2002,Monazite                                          ,0,BGS
Zaire,2003,Monazite                                          ,0,BGS
Zaire,2004,Monazite                                          ,0,BGS
Zaire,2005,Monazite                                          ,0,BGS
Zaire,2006,Monazite                                          ,0,BGS
Zaire,2007,Monazite                                          ,0,BGS
Zaire,2008,Monazite                                          ,0,BGS
Zaire,2009,Monazite                                          ,0,BGS
Zaire,2010,Monazite                                          ,0,BGS
Zaire,2011,Monazite                                          ,0,BGS
Zaire,2012,Monazite                                          ,0,BGS
Zaire,2013,Monazite                                          ,0,BGS
Zaire,2014,Monazite                                          ,0,BGS
Zaire,2015,Monazite                                          ,0,BGS
Zaire,2016,Monazite                                          ,0,BGS
Zaire,2017,Monazite                                          ,0,BGS
Zaire,2018,Monazite                                          ,0,BGS
Zaire,2019,Monazite                                          ,0,BGS
Zaire,2020,Monazite                                          ,0,BGS
Zaire,2021,Monazite                                          ,0,BGS
Zaire,2022,Monazite                                          ,0,BGS
